id,name,district,category,image,description,intro,address,suitable,recommend_time,tips,notice,created_at,updated_at,transportation,opening_hours,best_season,travel_plan,highlights,nearby_suggestions
1,高美濕地,清水區,自然景觀,images/attraction_001.jpg,台中知名濕地景點，擁有遼闊潮間帶景色與夕陽風光，適合散步賞景。,高美濕地是台中最具代表性的自然景觀之一，擁有豐富的潮間帶生態環境與大片濕地景色。傍晚時分可以欣賞夕陽、風車與海岸交織出的美麗景象，是許多旅客來台中必訪的拍照景點。,台中市清水區美堤街,情侶、朋友、親子,下午至傍晚,建議出發前確認開放時間、天候與交通資訊。,請共同維護景點環境，遵守現場公告與安全規範。,2026-06-12 00:00:00,2026-08-04 05:47:43,建議使用大眾運輸前往 清水區，再依地圖規劃步行、YouBike 或計程車接駁；自行開車請預先確認周邊停車資訊。,開放時間依現場公告為準，出發前請查詢官方資訊。,春秋氣候舒適，晴朗日最適合戶外活動與拍照。,建議以 下午至傍晚 安排 高美濕地，可再搭配 清水區 周邊的 自然景觀 景點與在地美食，規劃一趟從容的台中小旅行。,高美濕地 的魅力在於 台中知名濕地景點，擁有遼闊潮間帶景色與夕陽風光，適合散步賞景。 建議抵達後先從主要步道或入口慢慢認識環境，再保留時間觀察建築、景色或街區細節。若與 情侶、朋友、親子 同行，可依彼此步調安排拍照、休憩與周邊探索，會比匆忙打卡更能感受台中的旅行質感。,從 高美濕地 出發後，可留意 清水區 的街區風景、特色店家與公共休憩空間；安排一段用餐或咖啡時間，能讓行程節奏更舒服。
2,國家歌劇院,西屯區,藝文地標,images/attraction_002.jpg,由國際建築大師設計的特色建築，結合表演藝術與公共休憩空間。,台中國家歌劇院是台中的重要文化地標，以特殊曲牆建築設計聞名。館內提供多元表演藝術活動，也結合餐飲、展覽與休憩空間，即使沒有觀看表演，也適合安排半日文化之旅。,台中市西屯區惠來路二段101號,情侶、朋友、藝文愛好者,上午至晚上,建議出發前確認開放時間、天候與交通資訊。,請共同維護景點環境，遵守現場公告與安全規範。,2026-06-18 00:00:00,2026-08-04 05:47:43,建議使用大眾運輸前往 西屯區，再依地圖規劃步行、YouBike 或計程車接駁；自行開車請預先確認周邊停車資訊。,開放時間依現場公告為準，出發前請查詢官方資訊。,全年皆適合，建議避開連續假期並留意展覽或營業公告。,建議以 上午至晚上 安排 國家歌劇院，可再搭配 西屯區 周邊的 藝文地標 景點與在地美食，規劃一趟從容的台中小旅行。,國家歌劇院 的魅力在於 由國際建築大師設計的特色建築，結合表演藝術與公共休憩空間。 建議抵達後先從主要步道或入口慢慢認識環境，再保留時間觀察建築、景色或街區細節。若與 情侶、朋友、藝文愛好者 同行，可依彼此步調安排拍照、休憩與周邊探索，會比匆忙打卡更能感受台中的旅行質感。,從 國家歌劇院 出發後，可留意 西屯區 的街區風景、特色店家與公共休憩空間；安排一段用餐或咖啡時間，能讓行程節奏更舒服。
3,彩虹眷村,南屯區,人文歷史,images/attraction_003.jpg,充滿彩繪藝術的特色聚落，保存眷村文化並展現獨特地方故事。,彩虹眷村原為傳統眷村，因居民彩繪作品而成為台中知名特色景點。鮮豔的色彩與獨特人物圖案呈現出濃厚的人文氣息，非常適合拍照與認識地方文化故事。,台中市南屯區春安路56巷,親子、朋友、攝影愛好者,上午至下午,建議出發前確認開放時間、天候與交通資訊。,請共同維護景點環境，遵守現場公告與安全規範。,2026-06-22 00:00:00,2026-08-04 05:47:43,建議使用大眾運輸前往 南屯區，再依地圖規劃步行、YouBike 或計程車接駁；自行開車請預先確認周邊停車資訊。,開放時間依現場公告為準，出發前請查詢官方資訊。,全年皆適合，建議避開連續假期並留意展覽或營業公告。,建議以 上午至下午 安排 彩虹眷村，可再搭配 南屯區 周邊的 人文歷史 景點與在地美食，規劃一趟從容的台中小旅行。,彩虹眷村 的魅力在於 充滿彩繪藝術的特色聚落，保存眷村文化並展現獨特地方故事。 建議抵達後先從主要步道或入口慢慢認識環境，再保留時間觀察建築、景色或街區細節。若與 親子、朋友、攝影愛好者 同行，可依彼此步調安排拍照、休憩與周邊探索，會比匆忙打卡更能感受台中的旅行質感。,從 彩虹眷村 出發後，可留意 南屯區 的街區風景、特色店家與公共休憩空間；安排一段用餐或咖啡時間，能讓行程節奏更舒服。
4,審計新村,西區,文創市集,images/attraction_004.jpg,老宿舍改造而成的文創園區，集合特色商店、市集與生活美食。,審計新村由老舊宿舍群改造而成，現在聚集許多特色店家、手作品牌與咖啡甜點店。旅客可以在老建築氛圍中悠閒散步，感受台中的文創生活風格。,台中市西區民生路368巷,朋友、情侶、文創愛好者,下午至晚上,建議出發前確認開放時間、天候與交通資訊。,請共同維護景點環境，遵守現場公告與安全規範。,2026-07-01 00:00:00,2026-08-04 05:47:43,建議使用大眾運輸前往 西區，再依地圖規劃步行、YouBike 或計程車接駁；自行開車請預先確認周邊停車資訊。,開放時間依現場公告為準，出發前請查詢官方資訊。,全年皆適合，建議避開連續假期並留意展覽或營業公告。,建議以 下午至晚上 安排 審計新村，可再搭配 西區 周邊的 文創市集 景點與在地美食，規劃一趟從容的台中小旅行。,審計新村 的魅力在於 老宿舍改造而成的文創園區，集合特色商店、市集與生活美食。 建議抵達後先從主要步道或入口慢慢認識環境，再保留時間觀察建築、景色或街區細節。若與 朋友、情侶、文創愛好者 同行，可依彼此步調安排拍照、休憩與周邊探索，會比匆忙打卡更能感受台中的旅行質感。,從 審計新村 出發後，可留意 西區 的街區風景、特色店家與公共休憩空間；安排一段用餐或咖啡時間，能讓行程節奏更舒服。
5,東勢林場,東勢區,自然景觀,images/attraction_005.jpg,擁有森林步道與自然生態環境，是適合休閒踏青的山林景點。,東勢林場擁有豐富森林生態與自然景觀，一年四季都有不同特色。園區內設有步道與休憩空間，適合遠離城市喧囂，享受森林環境與親近自然的旅遊體驗。,台中市東勢區勢林街6-1號,親子、朋友、自然愛好者,上午至下午,建議出發前確認開放時間、天候與交通資訊。,請共同維護景點環境，遵守現場公告與安全規範。,2026-07-03 00:00:00,2026-08-04 05:47:43,建議使用大眾運輸前往 東勢區，再依地圖規劃步行、YouBike 或計程車接駁；自行開車請預先確認周邊停車資訊。,開放時間依現場公告為準，出發前請查詢官方資訊。,春秋氣候舒適，晴朗日最適合戶外活動與拍照。,建議以 上午至下午 安排 東勢林場，可再搭配 東勢區 周邊的 自然景觀 景點與在地美食，規劃一趟從容的台中小旅行。,東勢林場 的魅力在於 擁有森林步道與自然生態環境，是適合休閒踏青的山林景點。 建議抵達後先從主要步道或入口慢慢認識環境，再保留時間觀察建築、景色或街區細節。若與 親子、朋友、自然愛好者 同行，可依彼此步調安排拍照、休憩與周邊探索，會比匆忙打卡更能感受台中的旅行質感。,從 東勢林場 出發後，可留意 東勢區 的街區風景、特色店家與公共休憩空間；安排一段用餐或咖啡時間，能讓行程節奏更舒服。
6,宮原眼科,中區,人文歷史,images/attraction_006.jpg,由歷史建築改造而成的特色景點，結合老建築與人氣伴手禮。,宮原眼科保留日治時期建築特色，經過改造後成為台中熱門觀光景點。挑高空間、復古設計與特色甜點商品吸引大量旅客參觀，是結合歷史與美食的代表景點。,台中市中區中山路20號,朋友、情侶、美食旅客,上午至晚上,建議出發前確認開放時間、天候與交通資訊。,請共同維護景點環境，遵守現場公告與安全規範。,2026-07-08 00:00:00,2026-08-04 05:47:43,建議使用大眾運輸前往 中區，再依地圖規劃步行、YouBike 或計程車接駁；自行開車請預先確認周邊停車資訊。,開放時間依現場公告為準，出發前請查詢官方資訊。,全年皆適合，建議避開連續假期並留意展覽或營業公告。,建議以 上午至晚上 安排 宮原眼科，可再搭配 中區 周邊的 人文歷史 景點與在地美食，規劃一趟從容的台中小旅行。,宮原眼科 的魅力在於 由歷史建築改造而成的特色景點，結合老建築與人氣伴手禮。 建議抵達後先從主要步道或入口慢慢認識環境，再保留時間觀察建築、景色或街區細節。若與 朋友、情侶、美食旅客 同行，可依彼此步調安排拍照、休憩與周邊探索，會比匆忙打卡更能感受台中的旅行質感。,從 宮原眼科 出發後，可留意 中區 的街區風景、特色店家與公共休憩空間；安排一段用餐或咖啡時間，能讓行程節奏更舒服。
7,草悟道,西區,都會休閒,images/attraction_007.jpg,串連公園、商圈與藝文空間的城市綠帶，適合悠閒散步旅行。,草悟道是一條結合綠地、公園、商圈與藝文空間的城市休閒廊道。沿途可以逛街、欣賞街頭藝術或享受咖啡時光，是體驗台中慢生活的重要景點。,台中市西區公益路沿線,朋友、情侶、親子,下午至晚上,建議出發前確認開放時間、天候與交通資訊。,請共同維護景點環境，遵守現場公告與安全規範。,2026-07-10 00:00:00,2026-08-04 05:47:44,建議使用大眾運輸前往 西區，再依地圖規劃步行、YouBike 或計程車接駁；自行開車請預先確認周邊停車資訊。,開放時間依現場公告為準，出發前請查詢官方資訊。,全年皆適合，建議避開連續假期並留意展覽或營業公告。,建議以 下午至晚上 安排 草悟道，可再搭配 西區 周邊的 都會休閒 景點與在地美食，規劃一趟從容的台中小旅行。,草悟道 的魅力在於 串連公園、商圈與藝文空間的城市綠帶，適合悠閒散步旅行。 建議抵達後先從主要步道或入口慢慢認識環境，再保留時間觀察建築、景色或街區細節。若與 朋友、情侶、親子 同行，可依彼此步調安排拍照、休憩與周邊探索，會比匆忙打卡更能感受台中的旅行質感。,從 草悟道 出發後，可留意 西區 的街區風景、特色店家與公共休憩空間；安排一段用餐或咖啡時間，能讓行程節奏更舒服。
8,大坑步道,北屯區,自然景觀,images/attraction_008.jpg,台中熱門登山健行地點，擁有多條步道與豐富自然景觀。,大坑步道是台中著名登山健行區域，擁有多條不同難度的步道。旅客可以依照體力選擇路線，在森林環境中運動健行，同時欣賞台中市區景色。,台中市北屯區大坑風景區,朋友、健行愛好者、親子,上午至下午,建議出發前確認開放時間、天候與交通資訊。,請共同維護景點環境，遵守現場公告與安全規範。,2026-07-15 00:00:00,2026-08-04 05:47:44,建議使用大眾運輸前往 北屯區，再依地圖規劃步行、YouBike 或計程車接駁；自行開車請預先確認周邊停車資訊。,開放時間依現場公告為準，出發前請查詢官方資訊。,春秋氣候舒適，晴朗日最適合戶外活動與拍照。,建議以 上午至下午 安排 大坑步道，可再搭配 北屯區 周邊的 自然景觀 景點與在地美食，規劃一趟從容的台中小旅行。,大坑步道 的魅力在於 台中熱門登山健行地點，擁有多條步道與豐富自然景觀。 建議抵達後先從主要步道或入口慢慢認識環境，再保留時間觀察建築、景色或街區細節。若與 朋友、健行愛好者、親子 同行，可依彼此步調安排拍照、休憩與周邊探索，會比匆忙打卡更能感受台中的旅行質感。,從 大坑步道 出發後，可留意 北屯區 的街區風景、特色店家與公共休憩空間；安排一段用餐或咖啡時間，能讓行程節奏更舒服。
9,望高寮夜景公園,南屯區,夜景景點,images/attraction_009.jpg,熱門夜景觀賞地點，可眺望台中市區燈火與城市景觀。,望高寮夜景公園位於台中制高點之一，是欣賞城市夜景的熱門地點。夜晚可以眺望台中市區燈光，非常適合安排散步約會或夜間休閒行程。,台中市南屯區中台路601號附近,情侶、朋友、攝影愛好者,晚上,建議出發前確認開放時間、天候與交通資訊。,請共同維護景點環境，遵守現場公告與安全規範。,2026-07-16 00:00:00,2026-08-04 05:47:44,建議使用大眾運輸前往 南屯區，再依地圖規劃步行、YouBike 或計程車接駁；自行開車請預先確認周邊停車資訊。,開放時間依現場公告為準，出發前請查詢官方資訊。,傍晚至夜晚最能感受景點特色與城市氛圍。,建議以 晚上 安排 望高寮夜景公園，可再搭配 南屯區 周邊的 夜景景點 景點與在地美食，規劃一趟從容的台中小旅行。,望高寮夜景公園 的魅力在於 熱門夜景觀賞地點，可眺望台中市區燈火與城市景觀。 建議抵達後先從主要步道或入口慢慢認識環境，再保留時間觀察建築、景色或街區細節。若與 情侶、朋友、攝影愛好者 同行，可依彼此步調安排拍照、休憩與周邊探索，會比匆忙打卡更能感受台中的旅行質感。,從 望高寮夜景公園 出發後，可留意 南屯區 的街區風景、特色店家與公共休憩空間；安排一段用餐或咖啡時間，能讓行程節奏更舒服。
10,柳川水岸景觀步道,中區,都會休閒,images/attraction_010.jpg,結合水岸景觀與城市街景的散步路線，適合夜間休閒遊覽。,柳川水岸景觀步道將城市河川重新整理，打造出適合散步與拍照的休閒空間。夜晚燈光映照水面，呈現不同於白天的城市風景。,台中市中區柳川東路,情侶、朋友、城市旅遊,傍晚至晚上,建議出發前確認開放時間、天候與交通資訊。,請共同維護景點環境，遵守現場公告與安全規範。,2026-07-18 00:00:00,2026-08-04 05:47:44,建議使用大眾運輸前往 中區，再依地圖規劃步行、YouBike 或計程車接駁；自行開車請預先確認周邊停車資訊。,開放時間依現場公告為準，出發前請查詢官方資訊。,全年皆適合，建議避開連續假期並留意展覽或營業公告。,建議以 傍晚至晚上 安排 柳川水岸景觀步道，可再搭配 中區 周邊的 都會休閒 景點與在地美食，規劃一趟從容的台中小旅行。,柳川水岸景觀步道 的魅力在於 結合水岸景觀與城市街景的散步路線，適合夜間休閒遊覽。 建議抵達後先從主要步道或入口慢慢認識環境，再保留時間觀察建築、景色或街區細節。若與 情侶、朋友、城市旅遊 同行，可依彼此步調安排拍照、休憩與周邊探索，會比匆忙打卡更能感受台中的旅行質感。,從 柳川水岸景觀步道 出發後，可留意 中區 的街區風景、特色店家與公共休憩空間；安排一段用餐或咖啡時間，能讓行程節奏更舒服。
11,台中國家漫畫博物館,西區,藝文地標,images/attraction_011.jpg,展示漫畫文化與創作歷史的特色場館，適合親子與喜愛藝術旅遊的遊客。,台中國家漫畫博物館以漫畫文化保存與推廣為核心，透過展覽與活動呈現台灣漫畫發展歷程。館區結合歷史建築與藝術空間，適合喜歡文化展覽與親子教育旅遊的遊客。,台中市西區林森路33號,親子、朋友、藝文愛好者,上午至下午,建議出發前確認開放時間、天候與交通資訊。,請共同維護景點環境，遵守現場公告與安全規範。,2026-07-20 00:00:00,2026-08-04 05:47:44,建議使用大眾運輸前往 西區，再依地圖規劃步行、YouBike 或計程車接駁；自行開車請預先確認周邊停車資訊。,開放時間依現場公告為準，出發前請查詢官方資訊。,全年皆適合，建議避開連續假期並留意展覽或營業公告。,建議以 上午至下午 安排 台中國家漫畫博物館，可再搭配 西區 周邊的 藝文地標 景點與在地美食，規劃一趟從容的台中小旅行。,台中國家漫畫博物館 的魅力在於 展示漫畫文化與創作歷史的特色場館，適合親子與喜愛藝術旅遊的遊客。 建議抵達後先從主要步道或入口慢慢認識環境，再保留時間觀察建築、景色或街區細節。若與 親子、朋友、藝文愛好者 同行，可依彼此步調安排拍照、休憩與周邊探索，會比匆忙打卡更能感受台中的旅行質感。,從 台中國家漫畫博物館 出發後，可留意 西區 的街區風景、特色店家與公共休憩空間；安排一段用餐或咖啡時間，能讓行程節奏更舒服。
12,台中公園,中區,歷史景點,images/attraction_012.jpg,擁有百年以上歷史的城市公園，以湖心亭與綠意景觀聞名。,台中公園是台中歷史最悠久的公園之一，園內著名湖心亭具有重要歷史價值。除了欣賞建築景觀，也能在湖畔散步，感受城市中的悠閒氛圍。,台中市北區雙十路一段65號,親子、長輩、歷史旅遊愛好者,上午至下午,建議出發前確認開放時間、天候與交通資訊。,請共同維護景點環境，遵守現場公告與安全規範。,2026-07-22 00:00:00,2026-08-04 05:47:44,建議使用大眾運輸前往 中區，再依地圖規劃步行、YouBike 或計程車接駁；自行開車請預先確認周邊停車資訊。,開放時間依現場公告為準，出發前請查詢官方資訊。,全年皆適合，建議避開連續假期並留意展覽或營業公告。,建議以 上午至下午 安排 台中公園，可再搭配 中區 周邊的 歷史景點 景點與在地美食，規劃一趟從容的台中小旅行。,台中公園 的魅力在於 擁有百年以上歷史的城市公園，以湖心亭與綠意景觀聞名。 建議抵達後先從主要步道或入口慢慢認識環境，再保留時間觀察建築、景色或街區細節。若與 親子、長輩、歷史旅遊愛好者 同行，可依彼此步調安排拍照、休憩與周邊探索，會比匆忙打卡更能感受台中的旅行質感。,從 台中公園 出發後，可留意 中區 的街區風景、特色店家與公共休憩空間；安排一段用餐或咖啡時間，能讓行程節奏更舒服。
13,秋紅谷景觀生態公園,西屯區,自然景觀,images/attraction_013.jpg,市中心大型生態公園，擁有湖泊景觀與舒適步道，適合休閒散步。,秋紅谷景觀生態公園位於台中市中心，是結合生態、景觀與休閒功能的重要綠地。園內湖泊、草地與步道形成舒適環境，非常適合散步、拍照或短暫放鬆。,台中市西屯區朝富路30號,情侶、朋友、親子,下午至晚上,建議出發前確認開放時間、天候與交通資訊。,請共同維護景點環境，遵守現場公告與安全規範。,2026-07-24 00:00:00,2026-08-04 05:47:44,建議使用大眾運輸前往 西屯區，再依地圖規劃步行、YouBike 或計程車接駁；自行開車請預先確認周邊停車資訊。,開放時間依現場公告為準，出發前請查詢官方資訊。,春秋氣候舒適，晴朗日最適合戶外活動與拍照。,建議以 下午至晚上 安排 秋紅谷景觀生態公園，可再搭配 西屯區 周邊的 自然景觀 景點與在地美食，規劃一趟從容的台中小旅行。,秋紅谷景觀生態公園 的魅力在於 市中心大型生態公園，擁有湖泊景觀與舒適步道，適合休閒散步。 建議抵達後先從主要步道或入口慢慢認識環境，再保留時間觀察建築、景色或街區細節。若與 情侶、朋友、親子 同行，可依彼此步調安排拍照、休憩與周邊探索，會比匆忙打卡更能感受台中的旅行質感。,從 秋紅谷景觀生態公園 出發後，可留意 西屯區 的街區風景、特色店家與公共休憩空間；安排一段用餐或咖啡時間，能讓行程節奏更舒服。
14,麗寶樂園,后里區,親子遊樂,images/attraction_014.jpg,結合遊樂設施、水上樂園與購物空間的熱門家庭旅遊景點。,麗寶樂園是台中大型休閒娛樂園區，包含遊樂設施、水上活動與購物空間。園區提供多元娛樂選擇，適合家庭旅遊或朋友安排一日遊行程。,台中市后里區福容路8號,親子、朋友、團體旅遊,全天,建議出發前確認開放時間、天候與交通資訊。,請共同維護景點環境，遵守現場公告與安全規範。,2026-07-26 00:00:00,2026-08-04 05:47:44,建議使用大眾運輸前往 后里區，再依地圖規劃步行、YouBike 或計程車接駁；自行開車請預先確認周邊停車資訊。,開放時間依現場公告為準，出發前請查詢官方資訊。,避開尖峰假日，平日或早上入園較舒適。,建議以 全天 安排 麗寶樂園，可再搭配 后里區 周邊的 親子遊樂 景點與在地美食，規劃一趟從容的台中小旅行。,麗寶樂園 的魅力在於 結合遊樂設施、水上樂園與購物空間的熱門家庭旅遊景點。 建議抵達後先從主要步道或入口慢慢認識環境，再保留時間觀察建築、景色或街區細節。若與 親子、朋友、團體旅遊 同行，可依彼此步調安排拍照、休憩與周邊探索，會比匆忙打卡更能感受台中的旅行質感。,從 麗寶樂園 出發後，可留意 后里區 的街區風景、特色店家與公共休憩空間；安排一段用餐或咖啡時間，能讓行程節奏更舒服。
15,后豐鐵馬道,后里區,戶外活動,images/attraction_015.jpg,沿著舊鐵道路線改建而成的自行車道，適合親子騎乘與休閒旅行。,后豐鐵馬道利用舊鐵道路線改建而成，全長約數公里，沿途可欣賞山林景色與特色橋梁。路線平緩，適合自行車旅行與親子休閒活動。,台中市后里區月眉東路,親子、朋友、單車愛好者,上午至下午,建議出發前確認開放時間、天候與交通資訊。,請共同維護景點環境，遵守現場公告與安全規範。,2026-07-28 00:00:00,2026-08-04 05:47:44,建議使用大眾運輸前往 后里區，再依地圖規劃步行、YouBike 或計程車接駁；自行開車請預先確認周邊停車資訊。,開放時間依現場公告為準，出發前請查詢官方資訊。,春秋氣候舒適，晴朗日最適合戶外活動與拍照。,建議以 上午至下午 安排 后豐鐵馬道，可再搭配 后里區 周邊的 戶外活動 景點與在地美食，規劃一趟從容的台中小旅行。,后豐鐵馬道 的魅力在於 沿著舊鐵道路線改建而成的自行車道，適合親子騎乘與休閒旅行。 建議抵達後先從主要步道或入口慢慢認識環境，再保留時間觀察建築、景色或街區細節。若與 親子、朋友、單車愛好者 同行，可依彼此步調安排拍照、休憩與周邊探索，會比匆忙打卡更能感受台中的旅行質感。,從 后豐鐵馬道 出發後，可留意 后里區 的街區風景、特色店家與公共休憩空間；安排一段用餐或咖啡時間，能讓行程節奏更舒服。
16,新社花海,新社區,自然景觀,images/attraction_016.jpg,季節限定花卉景觀活動，大片花田景色吸引許多遊客拍照。,新社花海是台中知名季節性花卉景觀活動，大片花田與自然環境形成美麗景色。每逢花季吸引許多遊客前往拍照，是台中特色自然旅遊景點。,台中市新社區協成里,情侶、朋友、攝影愛好者,花季期間白天,建議出發前確認開放時間、天候與交通資訊。,請共同維護景點環境，遵守現場公告與安全規範。,2026-07-30 00:00:00,2026-08-04 05:47:44,建議使用大眾運輸前往 新社區，再依地圖規劃步行、YouBike 或計程車接駁；自行開車請預先確認周邊停車資訊。,開放時間依現場公告為準，出發前請查詢官方資訊。,春秋氣候舒適，晴朗日最適合戶外活動與拍照。,建議以 花季期間白天 安排 新社花海，可再搭配 新社區 周邊的 自然景觀 景點與在地美食，規劃一趟從容的台中小旅行。,新社花海 的魅力在於 季節限定花卉景觀活動，大片花田景色吸引許多遊客拍照。 建議抵達後先從主要步道或入口慢慢認識環境，再保留時間觀察建築、景色或街區細節。若與 情侶、朋友、攝影愛好者 同行，可依彼此步調安排拍照、休憩與周邊探索，會比匆忙打卡更能感受台中的旅行質感。,從 新社花海 出發後，可留意 新社區 的街區風景、特色店家與公共休憩空間；安排一段用餐或咖啡時間，能讓行程節奏更舒服。
17,薰衣草森林,新社區,自然景觀,images/attraction_017.jpg,充滿香草植物與森林氛圍的休閒園區，適合放慢腳步享受自然。,薰衣草森林位於新社山區，以香草植物、森林景觀與悠閒環境聞名。園區提供餐飲、散步路線與拍照空間，是適合放鬆身心的山林景點。,台中市新社區中興街20號,情侶、朋友、自然愛好者,上午至下午,建議出發前確認開放時間、天候與交通資訊。,請共同維護景點環境，遵守現場公告與安全規範。,2026-08-01 00:00:00,2026-08-04 05:47:44,建議使用大眾運輸前往 新社區，再依地圖規劃步行、YouBike 或計程車接駁；自行開車請預先確認周邊停車資訊。,開放時間依現場公告為準，出發前請查詢官方資訊。,春秋氣候舒適，晴朗日最適合戶外活動與拍照。,建議以 上午至下午 安排 薰衣草森林，可再搭配 新社區 周邊的 自然景觀 景點與在地美食，規劃一趟從容的台中小旅行。,薰衣草森林 的魅力在於 充滿香草植物與森林氛圍的休閒園區，適合放慢腳步享受自然。 建議抵達後先從主要步道或入口慢慢認識環境，再保留時間觀察建築、景色或街區細節。若與 情侶、朋友、自然愛好者 同行，可依彼此步調安排拍照、休憩與周邊探索，會比匆忙打卡更能感受台中的旅行質感。,從 薰衣草森林 出發後，可留意 新社區 的街區風景、特色店家與公共休憩空間；安排一段用餐或咖啡時間，能讓行程節奏更舒服。
18,石岡水壩,石岡區,自然景觀,images/attraction_018.jpg,結合水利設施與河岸景色的觀光地點，可欣賞自然與工程景觀。,石岡水壩是台中重要水利設施，同時也是具有觀光價值的景點。遊客可以欣賞壩體結構、河岸景色與周邊自然環境，感受工程與自然融合的特色。,台中市石岡區豐勢路1238號,親子、朋友、自然愛好者,上午至下午,建議出發前確認開放時間、天候與交通資訊。,請共同維護景點環境，遵守現場公告與安全規範。,2026-08-03 00:00:00,2026-08-04 05:47:44,建議使用大眾運輸前往 石岡區，再依地圖規劃步行、YouBike 或計程車接駁；自行開車請預先確認周邊停車資訊。,開放時間依現場公告為準，出發前請查詢官方資訊。,春秋氣候舒適，晴朗日最適合戶外活動與拍照。,建議以 上午至下午 安排 石岡水壩，可再搭配 石岡區 周邊的 自然景觀 景點與在地美食，規劃一趟從容的台中小旅行。,石岡水壩 的魅力在於 結合水利設施與河岸景色的觀光地點，可欣賞自然與工程景觀。 建議抵達後先從主要步道或入口慢慢認識環境，再保留時間觀察建築、景色或街區細節。若與 親子、朋友、自然愛好者 同行，可依彼此步調安排拍照、休憩與周邊探索，會比匆忙打卡更能感受台中的旅行質感。,從 石岡水壩 出發後，可留意 石岡區 的街區風景、特色店家與公共休憩空間；安排一段用餐或咖啡時間，能讓行程節奏更舒服。
19,台中中央公園,西屯區,都會休閒,images/attraction_019.jpg,大型都市綠地，提供休憩空間與特色景觀，適合散步放鬆。,台中中央公園是台中近年重要都市綠地，利用原機場區域重新規劃而成。園區擁有大片草地、生態景觀與休憩設施，適合散步、運動與親近自然。,台中市西屯區中科路2966號,親子、朋友、運動愛好者,下午至晚上,建議出發前確認開放時間、天候與交通資訊。,請共同維護景點環境，遵守現場公告與安全規範。,2026-08-05 00:00:00,2026-08-04 05:47:45,建議使用大眾運輸前往 西屯區，再依地圖規劃步行、YouBike 或計程車接駁；自行開車請預先確認周邊停車資訊。,開放時間依現場公告為準，出發前請查詢官方資訊。,全年皆適合，建議避開連續假期並留意展覽或營業公告。,建議以 下午至晚上 安排 台中中央公園，可再搭配 西屯區 周邊的 都會休閒 景點與在地美食，規劃一趟從容的台中小旅行。,台中中央公園 的魅力在於 大型都市綠地，提供休憩空間與特色景觀，適合散步放鬆。 建議抵達後先從主要步道或入口慢慢認識環境，再保留時間觀察建築、景色或街區細節。若與 親子、朋友、運動愛好者 同行，可依彼此步調安排拍照、休憩與周邊探索，會比匆忙打卡更能感受台中的旅行質感。,從 台中中央公園 出發後，可留意 西屯區 的街區風景、特色店家與公共休憩空間；安排一段用餐或咖啡時間，能讓行程節奏更舒服。
20,逢甲夜市,西屯區,美食商圈,images/attraction_020.jpg,台中人氣夜市之一，集合特色小吃、購物與熱鬧街區文化。,逢甲夜市是台中最具代表性的商圈之一，以多元小吃、特色商品與熱鬧氛圍聞名。除了品嚐美食，也能體驗台中夜晚充滿活力的街區文化。,台中市西屯區文華路,朋友、情侶、美食旅客,傍晚至晚上,建議出發前確認開放時間、天候與交通資訊。,請共同維護景點環境，遵守現場公告與安全規範。,2026-08-07 00:00:00,2026-08-04 05:47:45,建議使用大眾運輸前往 西屯區，再依地圖規劃步行、YouBike 或計程車接駁；自行開車請預先確認周邊停車資訊。,開放時間依現場公告為準，出發前請查詢官方資訊。,傍晚至夜晚最能感受景點特色與城市氛圍。,建議以 傍晚至晚上 安排 逢甲夜市，可再搭配 西屯區 周邊的 美食商圈 景點與在地美食，規劃一趟從容的台中小旅行。,逢甲夜市 的魅力在於 台中人氣夜市之一，集合特色小吃、購物與熱鬧街區文化。 建議抵達後先從主要步道或入口慢慢認識環境，再保留時間觀察建築、景色或街區細節。若與 朋友、情侶、美食旅客 同行，可依彼此步調安排拍照、休憩與周邊探索，會比匆忙打卡更能感受台中的旅行質感。,從 逢甲夜市 出發後，可留意 西屯區 的街區風景、特色店家與公共休憩空間；安排一段用餐或咖啡時間，能讓行程節奏更舒服。
21,霧峰林家花園,霧峰區,人文歷史,images/attraction_021.jpg,保存完整的古蹟建築群，展現台灣傳統宅第文化與歷史風貌。,霧峰林家花園是台灣最具代表性的古蹟建築之一，完整保存傳統閩南式宅院、庭園與歷史建築群，見證林家家族的發展歷程。漫步園區可以欣賞精緻木雕、磚雕與古典庭園設計，深入了解台灣地方文化與歷史，是喜愛古蹟、人文與攝影旅遊不可錯過的重要景點。,台中市霧峰區民生路26號,親子、朋友、歷史文化愛好者,上午至下午,建議出發前確認開放時間、天候與交通資訊。,請共同維護景點環境，遵守現場公告與安全規範。,2026-08-09 00:00:00,2026-08-04 05:47:45,建議使用大眾運輸前往 霧峰區，再依地圖規劃步行、YouBike 或計程車接駁；自行開車請預先確認周邊停車資訊。,開放時間依現場公告為準，出發前請查詢官方資訊。,全年皆適合，建議避開連續假期並留意展覽或營業公告。,建議以 上午至下午 安排 霧峰林家花園，可再搭配 霧峰區 周邊的 人文歷史 景點與在地美食，規劃一趟從容的台中小旅行。,霧峰林家花園 的魅力在於 保存完整的古蹟建築群，展現台灣傳統宅第文化與歷史風貌。 建議抵達後先從主要步道或入口慢慢認識環境，再保留時間觀察建築、景色或街區細節。若與 親子、朋友、歷史文化愛好者 同行，可依彼此步調安排拍照、休憩與周邊探索，會比匆忙打卡更能感受台中的旅行質感。,從 霧峰林家花園 出發後，可留意 霧峰區 的街區風景、特色店家與公共休憩空間；安排一段用餐或咖啡時間，能讓行程節奏更舒服。
22,921地震教育園區,霧峰區,教育景點,images/attraction_022.jpg,保留921地震遺跡，透過展示了解地震知識與防災教育。,921地震教育園區保留當年地震造成的校舍遺跡，並透過互動展示、模型與影片介紹地震形成原因及防災觀念。園區兼具教育與紀念意義，不僅能認識台灣地質環境，也能提升防災意識，是適合學生、家庭與團體參觀學習的重要場所。,台中市霧峰區新生路192號,親子、學生、教育團體,上午至下午,建議出發前確認開放時間、天候與交通資訊。,請共同維護景點環境，遵守現場公告與安全規範。,2026-08-11 00:00:00,2026-08-04 05:47:45,建議使用大眾運輸前往 霧峰區，再依地圖規劃步行、YouBike 或計程車接駁；自行開車請預先確認周邊停車資訊。,開放時間依現場公告為準，出發前請查詢官方資訊。,避開尖峰假日，平日或早上入園較舒適。,建議以 上午至下午 安排 921地震教育園區，可再搭配 霧峰區 周邊的 教育景點 景點與在地美食，規劃一趟從容的台中小旅行。,921地震教育園區 的魅力在於 保留921地震遺跡，透過展示了解地震知識與防災教育。 建議抵達後先從主要步道或入口慢慢認識環境，再保留時間觀察建築、景色或街區細節。若與 親子、學生、教育團體 同行，可依彼此步調安排拍照、休憩與周邊探索，會比匆忙打卡更能感受台中的旅行質感。,從 921地震教育園區 出發後，可留意 霧峰區 的街區風景、特色店家與公共休憩空間；安排一段用餐或咖啡時間，能讓行程節奏更舒服。
23,光復新村,霧峰區,文創市集,images/attraction_023.jpg,老眷村轉型為文創聚落，充滿特色店家與悠閒生活氛圍。,光復新村原為早期省政府宿舍聚落，近年重新規劃成文創園區，聚集文創品牌、特色餐廳、咖啡館與假日市集。保留老眷村街景的同時，也融入創意設計與藝術元素，十分適合散步、拍照及體驗在地慢活文化。,台中市霧峰區民族路20號,情侶、朋友、文青旅遊,下午至傍晚,建議出發前確認開放時間、天候與交通資訊。,請共同維護景點環境，遵守現場公告與安全規範。,2026-08-13 00:00:00,2026-08-04 05:47:45,建議使用大眾運輸前往 霧峰區，再依地圖規劃步行、YouBike 或計程車接駁；自行開車請預先確認周邊停車資訊。,開放時間依現場公告為準，出發前請查詢官方資訊。,全年皆適合，建議避開連續假期並留意展覽或營業公告。,建議以 下午至傍晚 安排 光復新村，可再搭配 霧峰區 周邊的 文創市集 景點與在地美食，規劃一趟從容的台中小旅行。,光復新村 的魅力在於 老眷村轉型為文創聚落，充滿特色店家與悠閒生活氛圍。 建議抵達後先從主要步道或入口慢慢認識環境，再保留時間觀察建築、景色或街區細節。若與 情侶、朋友、文青旅遊 同行，可依彼此步調安排拍照、休憩與周邊探索，會比匆忙打卡更能感受台中的旅行質感。,從 光復新村 出發後，可留意 霧峰區 的街區風景、特色店家與公共休憩空間；安排一段用餐或咖啡時間，能讓行程節奏更舒服。
24,清水眷村文化園區,清水區,人文歷史,images/attraction_024.jpg,保存眷村文化特色，重現早期居民生活與歷史故事。,清水眷村文化園區完整保留眷舍建築與生活空間，透過展覽、藝術創作及文化活動，呈現不同時代的眷村生活樣貌。園區環境寧靜且富有歷史氛圍，非常適合深入了解台灣眷村文化與拍攝懷舊風格照片。,台中市清水區中社路信義巷41號,親子、朋友、歷史文化愛好者,上午至下午,建議出發前確認開放時間、天候與交通資訊。,請共同維護景點環境，遵守現場公告與安全規範。,2026-08-15 00:00:00,2026-08-04 05:47:45,建議使用大眾運輸前往 清水區，再依地圖規劃步行、YouBike 或計程車接駁；自行開車請預先確認周邊停車資訊。,開放時間依現場公告為準，出發前請查詢官方資訊。,全年皆適合，建議避開連續假期並留意展覽或營業公告。,建議以 上午至下午 安排 清水眷村文化園區，可再搭配 清水區 周邊的 人文歷史 景點與在地美食，規劃一趟從容的台中小旅行。,清水眷村文化園區 的魅力在於 保存眷村文化特色，重現早期居民生活與歷史故事。 建議抵達後先從主要步道或入口慢慢認識環境，再保留時間觀察建築、景色或街區細節。若與 親子、朋友、歷史文化愛好者 同行，可依彼此步調安排拍照、休憩與周邊探索，會比匆忙打卡更能感受台中的旅行質感。,從 清水眷村文化園區 出發後，可留意 清水區 的街區風景、特色店家與公共休憩空間；安排一段用餐或咖啡時間，能讓行程節奏更舒服。
25,台中市役所,中區,歷史建築,images/attraction_025.jpg,日治時期歷史建築，融合古典建築特色與現代休閒空間。,台中市役所建於日治時期，曾是重要行政機關，如今修復後結合展覽、餐飲及文化空間，保留優雅的西洋建築特色。遊客可以一邊欣賞歷史建築之美，一邊體驗融合古蹟與現代生活的新風貌，是中區熱門文化景點。,台中市中區民權路97號,情侶、朋友、建築攝影愛好者,上午至下午,建議出發前確認開放時間、天候與交通資訊。,請共同維護景點環境，遵守現場公告與安全規範。,2026-08-17 00:00:00,2026-08-04 05:47:45,建議使用大眾運輸前往 中區，再依地圖規劃步行、YouBike 或計程車接駁；自行開車請預先確認周邊停車資訊。,開放時間依現場公告為準，出發前請查詢官方資訊。,全年皆適合，建議避開連續假期並留意展覽或營業公告。,建議以 上午至下午 安排 台中市役所，可再搭配 中區 周邊的 歷史建築 景點與在地美食，規劃一趟從容的台中小旅行。,台中市役所 的魅力在於 日治時期歷史建築，融合古典建築特色與現代休閒空間。 建議抵達後先從主要步道或入口慢慢認識環境，再保留時間觀察建築、景色或街區細節。若與 情侶、朋友、建築攝影愛好者 同行，可依彼此步調安排拍照、休憩與周邊探索，會比匆忙打卡更能感受台中的旅行質感。,從 台中市役所 出發後，可留意 中區 的街區風景、特色店家與公共休憩空間；安排一段用餐或咖啡時間，能讓行程節奏更舒服。
26,一中街商圈,北區,美食商圈,images/attraction_026.jpg,人氣商圈聚集美食、服飾與娛樂，是年輕族群熱門聚會地。,一中街商圈鄰近多所學校，擁有豐富的小吃、服飾店及特色商店，是台中最熱鬧的商圈之一。白天適合購物逛街，夜晚則能品嚐各式在地美食，充滿青春活力與熱鬧氛圍，是旅客必訪的人氣景點。,台中市北區一中街,朋友、學生、親子,下午至晚上,建議出發前確認開放時間、天候與交通資訊。,請共同維護景點環境，遵守現場公告與安全規範。,2026-08-19 00:00:00,2026-08-04 05:47:45,建議使用大眾運輸前往 北區，再依地圖規劃步行、YouBike 或計程車接駁；自行開車請預先確認周邊停車資訊。,開放時間依現場公告為準，出發前請查詢官方資訊。,傍晚至夜晚最能感受景點特色與城市氛圍。,建議以 下午至晚上 安排 一中街商圈，可再搭配 北區 周邊的 美食商圈 景點與在地美食，規劃一趟從容的台中小旅行。,一中街商圈 的魅力在於 人氣商圈聚集美食、服飾與娛樂，是年輕族群熱門聚會地。 建議抵達後先從主要步道或入口慢慢認識環境，再保留時間觀察建築、景色或街區細節。若與 朋友、學生、親子 同行，可依彼此步調安排拍照、休憩與周邊探索，會比匆忙打卡更能感受台中的旅行質感。,從 一中街商圈 出發後，可留意 北區 的街區風景、特色店家與公共休憩空間；安排一段用餐或咖啡時間，能讓行程節奏更舒服。
27,東海大學路思義教堂,西屯區,建築景點,images/attraction_027.jpg,世界知名現代建築作品，是東海大學最具代表性的地標。,路思義教堂由國際建築大師貝聿銘與陳其寬共同設計，以獨特雙曲面造型聞名，是台灣現代建築代表作品之一。周圍綠意盎然、校園環境優美，適合散步、拍照及欣賞建築設計，是東海大學最受歡迎的景點。,台中市西屯區台灣大道四段1727號,情侶、朋友、建築愛好者,上午至傍晚,建議出發前確認開放時間、天候與交通資訊。,請共同維護景點環境，遵守現場公告與安全規範。,2026-08-21 00:00:00,2026-08-04 05:47:45,建議使用大眾運輸前往 西屯區，再依地圖規劃步行、YouBike 或計程車接駁；自行開車請預先確認周邊停車資訊。,開放時間依現場公告為準，出發前請查詢官方資訊。,全年皆適合，建議避開連續假期並留意展覽或營業公告。,建議以 上午至傍晚 安排 東海大學路思義教堂，可再搭配 西屯區 周邊的 建築景點 景點與在地美食，規劃一趟從容的台中小旅行。,東海大學路思義教堂 的魅力在於 世界知名現代建築作品，是東海大學最具代表性的地標。 建議抵達後先從主要步道或入口慢慢認識環境，再保留時間觀察建築、景色或街區細節。若與 情侶、朋友、建築愛好者 同行，可依彼此步調安排拍照、休憩與周邊探索，會比匆忙打卡更能感受台中的旅行質感。,從 東海大學路思義教堂 出發後，可留意 西屯區 的街區風景、特色店家與公共休憩空間；安排一段用餐或咖啡時間，能讓行程節奏更舒服。
28,潭雅神綠園道,潭子區,戶外活動,images/attraction_028.jpg,舊鐵道改建自行車道，沿途綠意盎然並設有知名S彎道。,潭雅神綠園道由舊鐵道改建而成，全長約十四公里，沿途種植大量綠樹並設有休憩空間。其中最具代表性的S型彎道更成為熱門打卡景點，無論騎自行車或散步都能享受悠閒舒適的戶外時光。,台中市潭子區中山路三段,親子、朋友、自行車愛好者,上午至傍晚,建議出發前確認開放時間、天候與交通資訊。,請共同維護景點環境，遵守現場公告與安全規範。,2026-08-23 00:00:00,2026-08-04 05:47:45,建議使用大眾運輸前往 潭子區，再依地圖規劃步行、YouBike 或計程車接駁；自行開車請預先確認周邊停車資訊。,開放時間依現場公告為準，出發前請查詢官方資訊。,春秋氣候舒適，晴朗日最適合戶外活動與拍照。,建議以 上午至傍晚 安排 潭雅神綠園道，可再搭配 潭子區 周邊的 戶外活動 景點與在地美食，規劃一趟從容的台中小旅行。,潭雅神綠園道 的魅力在於 舊鐵道改建自行車道，沿途綠意盎然並設有知名S彎道。 建議抵達後先從主要步道或入口慢慢認識環境，再保留時間觀察建築、景色或街區細節。若與 親子、朋友、自行車愛好者 同行，可依彼此步調安排拍照、休憩與周邊探索，會比匆忙打卡更能感受台中的旅行質感。,從 潭雅神綠園道 出發後，可留意 潭子區 的街區風景、特色店家與公共休憩空間；安排一段用餐或咖啡時間，能讓行程節奏更舒服。
29,武陵農場,和平區,自然景觀,images/attraction_029.jpg,四季皆有不同景色，以櫻花、楓葉與高山自然景觀聞名。,武陵農場位於台中高山地區，春季櫻花、夏季避暑、秋季楓紅、冬季梅花，各有不同風情，是全台著名賞花勝地。園區擁有遼闊山景、生態步道及舒適住宿環境，非常適合安排兩天一夜的自然旅行。,台中市和平區武陵路3-1號,親子、情侶、自然攝影愛好者,全天,建議出發前確認開放時間、天候與交通資訊。,請共同維護景點環境，遵守現場公告與安全規範。,2026-08-25 00:00:00,2026-08-04 05:47:46,建議使用大眾運輸前往 和平區，再依地圖規劃步行、YouBike 或計程車接駁；自行開車請預先確認周邊停車資訊。,開放時間依現場公告為準，出發前請查詢官方資訊。,春秋氣候舒適，晴朗日最適合戶外活動與拍照。,建議以 全天 安排 武陵農場，可再搭配 和平區 周邊的 自然景觀 景點與在地美食，規劃一趟從容的台中小旅行。,武陵農場 的魅力在於 四季皆有不同景色，以櫻花、楓葉與高山自然景觀聞名。 建議抵達後先從主要步道或入口慢慢認識環境，再保留時間觀察建築、景色或街區細節。若與 親子、情侶、自然攝影愛好者 同行，可依彼此步調安排拍照、休憩與周邊探索，會比匆忙打卡更能感受台中的旅行質感。,從 武陵農場 出發後，可留意 和平區 的街區風景、特色店家與公共休憩空間；安排一段用餐或咖啡時間，能讓行程節奏更舒服。
30,谷關溫泉,和平區,休閒度假,images/attraction_030.jpg,知名溫泉勝地，結合山林景觀與泡湯體驗，適合放鬆度假。,谷關溫泉位於大甲溪上游山區，是台中歷史悠久的溫泉景點，泉質清澈且環境優美。除了泡湯外，周邊還有吊橋、步道及自然景觀可安排半日至一日遊，適合遠離都市喧囂，享受悠閒愜意的山林假期。,台中市和平區東關路一段,情侶、家庭、度假旅遊,下午至晚上,建議出發前確認開放時間、天候與交通資訊。,請共同維護景點環境，遵守現場公告與安全規範。,2026-08-27 00:00:00,2026-08-04 05:47:46,建議使用大眾運輸前往 和平區，再依地圖規劃步行、YouBike 或計程車接駁；自行開車請預先確認周邊停車資訊。,開放時間依現場公告為準，出發前請查詢官方資訊。,全年皆適合，建議避開連續假期並留意展覽或營業公告。,建議以 下午至晚上 安排 谷關溫泉，可再搭配 和平區 周邊的 休閒度假 景點與在地美食，規劃一趟從容的台中小旅行。,谷關溫泉 的魅力在於 知名溫泉勝地，結合山林景觀與泡湯體驗，適合放鬆度假。 建議抵達後先從主要步道或入口慢慢認識環境，再保留時間觀察建築、景色或街區細節。若與 情侶、家庭、度假旅遊 同行，可依彼此步調安排拍照、休憩與周邊探索，會比匆忙打卡更能感受台中的旅行質感。,從 谷關溫泉 出發後，可留意 和平區 的街區風景、特色店家與公共休憩空間；安排一段用餐或咖啡時間，能讓行程節奏更舒服。
